Workbook

Sheet Sheet1
A1: TransID | B1: Date | C1: RepID | D1: ProductID | E1: Qty | F1: Rep_Name | G1: Region | H1: Unit_Price | I1: Total_Revenue
A2: TX-1001 | B2: 45231 | C2: R-001 | D2: P-500 | E2: 5 | F2: {=xlookup(C2,Sheet2!$D$1:$D$6,Sheet2!$B$1:$B$6,"Not Found",0,1)} -> Alice Smith | G2: {=xlookup(C2,Sheet2!$D$2:$D$6,Sheet2!$E$2:$E$6,"Not Found",0,1)} -> North | H2: {=xlookup(D2,Sheet3!$A$2:$A$5,Sheet3!$C$2:$C$5,"Not Found",0,1)} -> 25 | I2: =H2*E2 -> 125
A3: TX-1002 | B3: 45231 | C3: R-002 | D3: P-505 | E3: 2 | F3: {=xlookup(C3,Sheet2!$D$1:$D$6,Sheet2!$B$1:$B$6,"Not Found",0,1)} -> Bob Jones | G3: {=xlookup(C3,Sheet2!$D$2:$D$6,Sheet2!$E$2:$E$6,"Not Found",0,1)} -> South | H3: {=xlookup(D3,Sheet3!$A$2:$A$5,Sheet3!$C$2:$C$5,"Not Found",0,1)} -> 30 | I3: =H3*E3 -> 60
A4: TX-1003 | B4: 45232 | C4: R-003 | D4: P-500 | E4: 1 | F4: {=xlookup(C4,Sheet2!$D$1:$D$6,Sheet2!$B$1:$B$6,"Not Found",0,1)} -> Charlie Day | G4: {=xlookup(C4,Sheet2!$D$2:$D$6,Sheet2!$E$2:$E$6,"Not Found",0,1)} -> East | H4: {=xlookup(D4,Sheet3!$A$2:$A$5,Sheet3!$C$2:$C$5,"Not Found",0,1)} -> 25 | I4: =H4*E4 -> 25
A5: TX-1004 | B5: 45232 | C5: R-001 | D5: P-502 | E5: 10 | F5: {=xlookup(C5,Sheet2!$D$1:$D$6,Sheet2!$B$1:$B$6,"Not Found",0,1)} -> Alice Smith | G5: {=xlookup(C5,Sheet2!$D$2:$D$6,Sheet2!$E$2:$E$6,"Not Found",0,1)} -> North | H5: {=xlookup(D5,Sheet3!$A$2:$A$5,Sheet3!$C$2:$C$5,"Not Found",0,1)} -> 15 | I5: =H5*E5 -> 150
A6: TX-1005 | B6: 45233 | C6: R-004 | D6: P-505 | E6: 3 | F6: {=xlookup(C6,Sheet2!$D$1:$D$6,Sheet2!$B$1:$B$6,"Not Found",0,1)} -> Diana Prince | G6: {=xlookup(C6,Sheet2!$D$2:$D$6,Sheet2!$E$2:$E$6,"Not Found",0,1)} -> West | H6: {=xlookup(D6,Sheet3!$A$2:$A$5,Sheet3!$C$2:$C$5,"Not Found",0,1)} -> 30 | I6: =H6*E6 -> 90
A7: TX-1006 | B7: 45233 | C7: R-002 | D7: P-501 | E7: 4 | F7: {=xlookup(C7,Sheet2!$D$1:$D$6,Sheet2!$B$1:$B$6,"Not Found",0,1)} -> Bob Jones | G7: {=xlookup(C7,Sheet2!$D$2:$D$6,Sheet2!$E$2:$E$6,"Not Found",0,1)} -> South | H7: {=xlookup(D7,Sheet3!$A$2:$A$5,Sheet3!$C$2:$C$5,"Not Found",0,1)} -> 45 | I7: =H7*E7 -> 180
A8: TX-1007 | B8: 45234 | C8: R-003 | D8: P-502 | E8: 2 | F8: {=xlookup(C8,Sheet2!$D$1:$D$6,Sheet2!$B$1:$B$6,"Not Found",0,1)} -> Charlie Day | G8: {=xlookup(C8,Sheet2!$D$2:$D$6,Sheet2!$E$2:$E$6,"Not Found",0,1)} -> East | H8: {=xlookup(D8,Sheet3!$A$2:$A$5,Sheet3!$C$2:$C$5,"Not Found",0,1)} -> 15 | I8: =H8*E8 -> 30
A9: TX-1008 | B9: 45235 | C9: R-005 | D9: P-500 | E9: 6 | F9: {=xlookup(C9,Sheet2!$D$1:$D$6,Sheet2!$B$1:$B$6,"Not Found",0,1)} -> Ethan Hunt | G9: {=xlookup(C9,Sheet2!$D$2:$D$6,Sheet2!$E$2:$E$6,"Not Found",0,1)} -> North | H9: {=xlookup(D9,Sheet3!$A$2:$A$5,Sheet3!$C$2:$C$5,"Not Found",0,1)} -> 25 | I9: =H9*E9 -> 150
A10: TX-1009 | B10: 45235 | C10: R-001 | D10: P-505 | E10: 1 | F10: {=xlookup(C10,Sheet2!$D$1:$D$6,Sheet2!$B$1:$B$6,"Not Found",0,1)} -> Alice Smith | G10: {=xlookup(C10,Sheet2!$D$2:$D$6,Sheet2!$E$2:$E$6,"Not Found",0,1)} -> North | H10: {=xlookup(D10,Sheet3!$A$2:$A$5,Sheet3!$C$2:$C$5,"Not Found",0,1)} -> 30 | I10: =H10*E10 -> 30
A11: TX-1010 | B11: 45236 | C11: R-004 | D11: P-501 | E11: 8 | F11: {=xlookup(C11,Sheet2!$D$1:$D$6,Sheet2!$B$1:$B$6,"Not Found",0,1)} -> Diana Prince | G11: {=xlookup(C11,Sheet2!$D$2:$D$6,Sheet2!$E$2:$E$6,"Not Found",0,1)} -> West | H11: {=xlookup(D11,Sheet3!$A$2:$A$5,Sheet3!$C$2:$C$5,"Not Found",0,1)} -> 45 | I11: =H11*E11 -> 360
A12: TX-1011 | B12: 45236 | C12: R-005 | D12: P-502 | E12: 3 | F12: {=xlookup(C12,Sheet2!$D$1:$D$6,Sheet2!$B$1:$B$6,"Not Found",0,1)} -> Ethan Hunt | G12: {=xlookup(C12,Sheet2!$D$2:$D$6,Sheet2!$E$2:$E$6,"Not Found",0,1)} -> North | H12: {=xlookup(D12,Sheet3!$A$2:$A$5,Sheet3!$C$2:$C$5,"Not Found",0,1)} -> 15 | I12: =H12*E12 -> 45
A13: TX-1012 | B13: 45237 | C13: R-002 | D13: P-500 | E13: 4 | F13: {=xlookup(C13,Sheet2!$D$1:$D$6,Sheet2!$B$1:$B$6,"Not Found",0,1)} -> Bob Jones | G13: {=xlookup(C13,Sheet2!$D$2:$D$6,Sheet2!$E$2:$E$6,"Not Found",0,1)} -> South | H13: {=xlookup(D13,Sheet3!$A$2:$A$5,Sheet3!$C$2:$C$5,"Not Found",0,1)} -> 25 | I13: =H13*E13 -> 100
... A16: TX-1015 | B16: 45238 | C16: R-004 | D16: P-502 | E16: 7 | F16: {=xlookup(C16,Sheet2!$D$1:$D$6,Sheet2!$B$1:$B$6,"Not Found",0,1)} -> Diana Prince | G16: {=xlookup(C16,Sheet2!$D$2:$D$6,Sheet2!$E$2:$E$6,"Not Found",0,1)} -> West | H16: {=xlookup(D16,Sheet3!$A$2:$A$5,Sheet3!$C$2:$C$5,"Not Found",0,1)} -> 15 | I16: =H16*E16 -> 105

Sheet Sheet2
A1: RepID | B1: RepName | C1: Region | D1: Rep_ID1 | E1: Region 1
A2: R-001 | B2: Alice Smith | C2: North | D2: =TRIM(A2) -> R-001 | E2: =trim(C2) -> North
A3: R-002 | B3: Bob Jones | C3: South | D3: =TRIM(A3) -> R-002 | E3: =trim(C3) -> South
A4: R-003 | B4: Charlie Day | C4: East | D4: =TRIM(A4) -> R-003 | E4: =trim(C4) -> East
A5: R-004 | B5: Diana Prince | C5: West | D5: =TRIM(A5) -> R-004 | E5: =trim(C5) -> West
A6: R-005 | B6: Ethan Hunt | C6: North | D6: =TRIM(A6) -> R-005 | E6: =trim(C6) -> North

Sheet Sheet3
A1: ProductID | B1: ProductName | C1: UnitPrice
A2: P-500 | B2: Pro Widget | C2: 25
A3: P-501 | B3: Mega Gadget | C3: 45
A4: P-502 | B4: Ultra Gizmo | C4: 15
A5: P-505 | B5: Power Pack | C5: 30
